#,JANコード,GS1,品名,产品名称,制造商,功效,包装単位,入数,単位,"@薬価
(JPY)",単位*药价单位,"包装単位
'@薬価
（JPY）"
1,,,（販売終了）オゼンピック 0.25mg/0.5ml,（已停止销售）司美格鲁肽 0.25mg/0.5ml,,,キット,1,本,1376,キット,1376
2,,,（販売終了）オゼンピック 0.5mg/0.5ml,（已停止销售）司美格鲁肽 0.5mg/0.5ml,,,キット,1,本,2752,キット,2752
3,,,（販売終了）オゼンピック 1.0mg/0.5ml,（已停止销售）司美格鲁肽 1.0mg/0.5ml,,,キット,1,本,5469,キット,5469
4,4987616003655,14987616003652,オゼンピック 2mg/1.5ml 1キット,Semaglutide 司美格鲁肽 2mg/1.5ml 1支,ノボノルディス/诺和诺德,2型糖尿病降血糖 减肥减重,キット,1,本,11151,キット,11151
5,,RYBE-03MG-1T,リベルサス 3mg  1錠,Rybelsus 司美格鲁肽 索马鲁肽片剂 3mg 1錠,ノボノルディス/诺和诺德,2型糖尿病降血糖 减肥减重,錠,1,錠,139.6,錠,139.6
6,4987616003945,14987616003942,リベルサス 3mg  100錠,Rybelsus 司美格鲁肽 索马鲁肽片剂 3mg 100錠,ノボノルディス/诺和诺德,2型糖尿病降血糖 减肥减重,箱,100,箱,139.6,錠,13960
7,,RYBE-07MG-1T,リベルサス 7mg  1錠,Rybelsus 司美格鲁肽 索马鲁肽片剂 7mg 1錠,ノボノルディス/诺和诺德,2型糖尿病降血糖 减肥减重,錠,1,錠,325.7,錠,325.7
8,4987616003969,14987616003966,リベルサス 7mg  100錠,Rybelsus 司美格鲁肽 索马鲁肽片剂 7mg 100錠,ノボノルディス/诺和诺德,2型糖尿病降血糖 减肥减重,箱,100,箱,325.7,錠,32570
9,,RYBE-14MG-1T,リベルサス 14mg  1錠,Rybelsus 司美格鲁肽 索马鲁肽片剂 14mg 1錠,ノボノルディス/诺和诺德,2型糖尿病降血糖 减肥减重,錠,1,錠,488.5,錠,488.5
10,4987616003983,14987616003980,リベルサス 14mg  100錠,Rybelsus 司美格鲁肽 索马鲁肽片剂 14mg 100錠,ノボノルディス/诺和诺德,2型糖尿病降血糖 减肥减重,箱,100,箱,488.5,錠,48850
11,,MNJA-025M-1K,マンジャロ 2.5mg 1キット,Mounjaro 替尔泊肽 替西帕肽 2.5mg 1支,日本イーライリリー /礼来,2型糖尿病降血糖 减肥减重,本,1,本,1924,本,1924
12,4987128207602,14987128207609,マンジャロ 2.5mg 2キット,Mounjaro 替尔泊肽 替西帕肽 2.5mg 2支x1盒,日本イーライリリー /礼来,2型糖尿病降血糖 减肥减重,箱,2,箱,1924,本,3848
13,,MNJA-050M-1K,マンジャロ 5mg 1キット,Mounjaro 替尔泊肽 替西帕肽 5mg 1支,日本イーライリリー /礼来,2型糖尿病降血糖 减肥减重,本,1,本,3848,本,3848
14,4987128305216,14987128305213,マンジャロ 5mg 2キット,Mounjaro 替尔泊肽 替西帕肽 5mg 2支x1盒,日本イーライリリー /礼来,2型糖尿病降血糖 减肥减重,箱,2,箱,3848,本,7696
15,,MNJA-075M-1K,マンジャロ 7.5mg 1キット,Mounjaro 替尔泊肽 替西帕肽 7.5mg 1支,日本イーライリリー /礼来,2型糖尿病降血糖 减肥减重,本,1,本,5772,本,5772
16,4987128255719,14987128255716,マンジャロ 7.5mg 2キット,Mounjaro 替尔泊肽 替西帕肽 7.5mg 2支x1盒,日本イーライリリー /礼来,2型糖尿病降血糖 减肥减重,箱,2,箱,5772,本,11544
17,,MNJA-100M-1K,マンジャロ 10mg 1キット,Mounjaro 替尔泊肽 替西帕肽 10mg 1支,日本イーライリリー /礼来,2型糖尿病降血糖 减肥减重,本,1,本,7696,本,7696
18,4987128099689,14987128099686,マンジャロ 10mg 2キット,Mounjaro 替尔泊肽 替西帕肽 10mg 2支x1盒,日本イーライリリー /礼来,2型糖尿病降血糖 减肥减重,箱,2,箱,7696,本,15392
19,,MNJA-125M-1K,マンジャロ 12.5mg 1キット,Mounjaro 替尔泊肽 替西帕肽 12.5mg 1支,日本イーライリリー /礼来,2型糖尿病降血糖 减肥减重,本,1,本,9620,本,9620
20,14987128100993,14987128100993,マンジャロ 12.5mg 2キット,Mounjaro 替尔泊肽 替西帕肽 12.5mg 2支x1盒,日本イーライリリー /礼来,2型糖尿病降血糖 减肥减重,箱,2,箱,9620,本,19240
21,,MNJA-150M-1K,マンジャロ 15mg 1キット,Mounjaro 替尔泊肽 替西帕肽 15mg 1支,日本イーライリリー /礼来,2型糖尿病降血糖 减肥减重,本,1,本,11544,本,11544
22,14987128143518,14987128143518,マンジャロ 15mg 2キット,Mounjaro 替尔泊肽 替西帕肽 15mg 2支x1盒,日本イーライリリー /礼来,2型糖尿病降血糖 减肥减重,箱,2,箱,11544,本,23088
23,4987123154338,14987123154335,ザファテック錠 50mg 20錠,Zafatek/trelagliptin succinate 武田老糖 糖尿病 曲格列汀琥珀酸盐片DPP-4抑制剂50mg 20錠,武田薬品工業,2型糖尿病降血糖 持続性選択的DPP-4阻害剤,箱,20,錠,441.5,錠,8830
24,4987123155281,14987123155288,ザファテック錠 100mg 20錠,Zafatek/trelagliptin succinate 武田老糖 糖尿病 曲格列汀琥珀酸盐片DPP-4抑制剂100mg 20錠,武田薬品工業,2型糖尿病降血糖 持続性選択的DPP-4阻害剤,箱,20,錠,837.3,錠,16746
25,,ECLA-20MG-1P,エクラープラスター20μg/cm2 1枚,Eclar plaster 久光小川令疤痕贴 1枚,久光製薬株式会社,祛疤贴 疤痕贴 湿疹皮炎,枚,1,枚,41.5,枚,41.5
26,4987188402061,14987188402068,エクラープラスター20μg/cm2 50枚,Eclar plaster 久光小川令疤痕贴 50枚,久光製薬株式会社,祛疤贴 疤痕贴 湿疹皮炎,箱,50,枚,41.5,枚,2075
27,,MORS-40MG-7P,モーラステープL40㎎ 7枚×1袋　7枚,Mohrus 久光膏药贴　7枚x1袋,久光製薬株式会社,腰痛 肌肉痛 关节痛 腱鞘炎 肩痛,袋,7,枚,28.6,枚,200.2
28,4987188412565,14987188412562,モーラステープL40㎎ 7枚×80袋　560枚,Mohrus 久光膏药贴　560枚,久光製薬株式会社,腰痛 肌肉痛 关节痛 腱鞘炎 肩痛,箱,560,枚,28.6,枚,16016
29,4987123158350,14987123158357,ボノピオンパック 7シート,武田幽门螺旋杆菌二次杀菌用 7回,武田薬品工業,幽门螺旋杆菌 胃溃疡,箱,7,シート,452.6,シート,3168.2
30,4987123158336,14987123158333,ボノサップパック400 7シート,武田幽门螺旋杆菌蓝三普400 7回,武田薬品工業,幽门螺旋杆菌 胃溃疡,箱,7,シート,492.4,シート,3446.8
31,4987123158343,14987123158340,ボノサップパック800 7シート,武田幽门螺旋杆菌蓝三普800 7回,武田薬品工業,幽门螺旋杆菌 胃溃疡,箱,7,シート,616.6,シート,4316.2
32,4987294394120,14987294394127,フェブリク錠10mg 100錠,帝人痛风10mg 100錠,帝人ファーマ株式会社,高尿酸血症,箱,100,錠,15.5,錠,1550
33,4987294394229,14987294394226,フェブリク錠20mg 100錠,帝人痛风20mg 100錠,帝人ファーマ株式会社,高尿酸血症,箱,100,錠,29.8,錠,2980
34,4987294394328,14987294394325,フェブリク錠40mg 100錠,帝人痛风40mg 100錠,帝人ファーマ株式会社,高尿酸血症,箱,100,錠,53.3,錠,5330
35,4987294394144,14987294394141,フェブリク錠10mg 500錠,帝人痛风10mg 500錠,帝人ファーマ株式会社,高尿酸血症,箱,500,錠,15.5,錠,7750
36,4987294394298,14987294394295,フェブリク錠20mg 500錠,帝人痛风20mg 500錠,帝人ファーマ株式会社,高尿酸血症,箱,500,錠,29.8,錠,14900
37,,STRA-10MG-1T,ストラテラカプセル10mg 1カプセル,择思达 盐酸托莫西汀 10mg 1錠,日本イーライリリー /礼来,ADHD治疗 注意缺陷 多动障碍,錠,1,錠,133.1,カプセル,133.1
38,4987428322708,14987428322705,ストラテラカプセル10mg 140カプセル,择思达 盐酸托莫西汀 10mg 140錠x1盒,日本イーライリリー /礼来,ADHD治疗 注意缺陷 多动障碍,箱,140,錠,133.1,カプセル,18634
39,,STRA-25MG-1T,ストラテラカプセル25mg 1カプセル,择思达 盐酸托莫西汀 25mg ADHD治疗 1錠,日本イーライリリー /礼来,ADHD治疗 注意缺陷 多动障碍,錠,1,錠,170.7,カプセル,170.7
40,4987428322807,14987428322804,ストラテラカプセル25mg 140カプセル,择思达 盐酸托莫西汀 25mg ADHD治疗 140錠x1盒,日本イーライリリー /礼来,ADHD治疗 注意缺陷 多动障碍,箱,140,錠,170.7,カプセル,23898
41,,STRA-40MG-1T,ストラテラカプセル40mg 1カプセル,择思达 盐酸托莫西汀 40mg ADHD治疗 1錠,日本イーライリリー /礼来,ADHD治疗 注意缺陷 多动障碍,錠,1,錠,203.8,カプセル,203.8
42,4987428322906,14987428322903,ストラテラカプセル40mg 140カプセル,择思达 盐酸托莫西汀 40mg ADHD治疗 140錠x1盒,日本イーライリリー /礼来,ADHD治疗 注意缺陷 多动障碍,箱,140,錠,203.8,カプセル,28532
43,4987428390103,14987428390100,ストラテラ内用液0.4% 100ml,择思达 盐酸托莫西汀 口服溶液0.4g 100ml,日本イーライリリー /礼来,ADHD治疗 注意缺陷 多动障碍,瓶,100,ml,80.6,ml,8060
44,4987306066182,14987306066189,ビオフェルミン錠剤 126錠（PTP包装 21錠 × 6枚）,BIOFERMIN 益生菌 双歧杆菌126錠（PTP包装 21錠 × 6枚）,大正製薬 ,改善肠道菌群异常,箱,126,錠,5.7,錠,718.2
45,4987306066212,14987306066219,ビオフェルミン錠剤  630錠（PTP包装 21錠 × 10枚 × 3）,BIOFERMIN 益生菌 双歧杆菌630粒装（PTP包装 21錠 × 10枚 × 3）,大正製薬 ,改善肠道菌群异常,箱,630,錠,5.7,錠,3591
46,4987246754019,14987246754016,アボルブカプセル0.5mg GSK  30錠,（原研）度他雄胺Dutasteride 0.5mg 30粒装,GSK 安福达 ,雄性激素脱发 前列腺肥大治疗 ,箱,30,錠,73.1,錠,2193
47,4987916001801,14987916001808,デュタステリド錠0.5mgAV「明治」 30錠,（仿制）度他雄胺 Dutasteride 0.5mg  30粒装,明治 ,雄性激素脱发 前列腺肥大治疗,箱,30,錠,29.2,錠,876
48,4987080003410,14987080003417,オキシブチニン塩酸塩錠 1mg 100錠,盐酸奥昔布宁1mg 100粒装,沢井製薬,尿频尿急尿失禁,箱,100,錠,5.7,錠,570
49,4987080006718,14987080006715,オキシブチニン塩酸塩錠 2mg 100錠,盐酸奥昔布宁2mg 100粒装,沢井製薬,尿频尿急尿失禁,箱,100,錠,5.9,錠,590
50,4987080006817,14987080006814,オキシブチニン塩酸塩錠 3mg 100錠,盐酸奥昔布宁3mg 100粒装,沢井製薬,尿频尿急尿失禁,箱,100,錠,5.9,錠,590
51,4987173016273,14987173016270,ウロカルン錠225mg 100錠,优克龙/225mg 100粒装,日本新薬株式会社,尿路结石/肾结石,箱,100,錠,5.9,錠,590
52,4987476167207,14987476167204,シルデナフィル錠50mgVI「YD」 20锭,Sildenafil 西地那非/昔多芬/西妥替芬 枸橼酸西地那非 伟哥 50mg 20粒装,陽進堂,勃起不全 阳痿早泄,箱,20,錠,,,0
53,,14987901123706,バイアグラODフィルム50mg viatris 20錠,（原研）西地那非 (Viagra) 伟哥 50mg viatris 20粒装,ファイザー/輝瑞,勃起不全 阳痿早泄,箱,20,錠,,錠,11000
54,4987334307011,14987334307018,シルデナフィル錠50mgVI「DK」 20锭,Sildenafil 西地那非/昔多芬/西妥替芬50mg 滋补型伟哥 20粒装,本草製薬,勃起不全 阳痿早泄,箱,20,錠,,錠,3500
55,4987155096125,14987155096122,シルデナフィルOD錠50mgVI「トーワ」 20锭,Sildenafil 西地那非/昔多芬/西妥替芬50mg 柠檬味伟哥 20粒装,東和薬品,勃起不全 阳痿早泄,箱,20,錠,,錠,6400
56,4987792216313,14987792216310,ウルソデオキシコール酸錠50mg「JG」 100锭,熊去氧胆酸  50mg 100粒装,日本ジェネリック,慢性肝炎 胆结石治疗 肝胆片,箱,100,錠,6.1,錠,610
57,4987792216412,14987792216419,ウルソデオキシコール酸錠100mg「JG」 100锭,熊去氧胆酸  100mg 100粒装,日本ジェネリック,慢性肝炎 胆结石治疗 肝胆片,箱,100,錠,7.2,錠,720
58,4987155296075,14987155296072,ウルソデオキシコール酸50mg 100锭,熊去氧胆酸 50mg 100粒装,東和薬品 ,慢性肝炎 胆结石治疗 肝胆片,箱,100,錠,6.1,錠,610
59,4987155121087,14987155121084,ウルソデオキシコール酸錠100mg　100锭,熊去氧胆酸 100mg  100粒装,東和薬品 ,慢性肝炎 胆结石治疗 肝胆片,箱,100,錠,8.7,錠,870
60,4987128300914,14987128300911,ウルソ錠50mg 100锭,（原研）熊去氧胆酸 50mg 100粒装,田辺三菱,慢性肝炎 胆结石治疗 肝胆片,箱,100,錠,9,錠,900
61,4987128300846,14987128300843,ウルソ錠100mg 100锭,（原研）熊去氧胆酸  肝胆片 100mg 100粒装,田辺三菱,慢性肝炎 胆结石治疗 肝胆片,箱,100,錠,10.1,錠,1010
62,4987138802941,14987138802948,29 ツムラ麦門冬湯エキス顆粒（医療用）(バクモンドウトウ) 3.0 gｘ42包,29 麦门冬汤精华颗粒 3g　42包装,ツムラ/日本津村汉方 ,咳嗽 支气管炎 支气管哮喘 ,箱,42,包,16.5,1g,693
63,4987138802934,14987138802931,29 ツムラ麦門冬湯エキス顆粒（医療用）(バクモンドウトウ) 3.0 gｘ189包,29 麦门冬汤精华颗粒 3g 189包装,ツムラ/日本津村汉方 ,咳嗽 支气管炎 支气管哮喘 ,箱,189,包,16.5,1g,3118.5
64,4987080522621,14987080522628,ツロブテロールテープ0.5mg 70枚,妥布特罗/妥洛特罗 止咳贴/哮喘贴 0.5mg 70枚,沢井製薬,日本成人止咳贴/哮喘贴,箱,70,枚,22.9,枚,1603
65,4987080535621,14987080535628,ツロブテロールテープ1mg 70枚,妥布特罗/妥洛特罗 止咳贴/哮喘贴 1mg 70枚,沢井製薬,日本成人止咳贴/哮喘贴,箱,70,枚,22.8,枚,1596
66,4987080536628,14987080536625,ツロブテロールテープ2mg 70枚,妥布特罗/妥洛特罗 止咳贴/哮喘贴 2mg 70枚,沢井製薬,日本成人止咳贴/哮喘贴,箱,70,枚,31.9,枚,2233
67,,14987123118153,コンスタン0.8mg 100錠,阿普唑仑 0.8mg Alprazolam 100粒装,武田テバ薬品,失眠 抗惊恐药 缓解急性酒精戒断症,箱,100,錠,8.6,錠,860
68,,14987155055112,ゾルピデム酒石酸塩OD錠10mg「トーワ」 100錠,思诺思 唑吡坦 Zolpidem Tartrate10mg 100粒装,東和薬品 ,失眠 镇静 催眠 安眠 ,箱,100,錠,14.2,錠,1420
69,,14987233131769,マイスリー錠10mg 100錠,（原研）思诺思 唑吡坦 Zolpidem Tartrate10mg　100粒装,アステラス製薬/安斯泰来,失眠 镇静 催眠 安眠 ,箱,100,錠,31,錠,3100
70,4987080266365,14987080266362,ナルフラフィン塩酸塩ＯＤ錠2.5㎍「サワイ」 14錠入り,Nalfurafine 纳呋拉啡2.5μg 14粒 ,沢井製薬 ,血液透析瘙痒慢性肾病治疗尿毒症瘙痒症 ,箱,14,錠,261.4,錠,3659.6
71,,14987103012143,アサコール400mg 100錠,Asacol 美沙拉嗪 100粒装,ゼリア新薬工業,溃疡性结肠炎用药 ,箱,100,錠,37.3,錠,3730
72,,14987138810943,109 ツムラ小柴胡湯加桔梗石膏エキス顆粒（医療用） 2.5g×42包（2週間分）,109 津村小柴胡汤加桔梗石膏提取物颗粒 2.5gx42包,ツムラ/日本津村汉方 ,急性热性病症 肺炎 支气管炎 感冒,箱,42,包,37.2,ｇ,1562.4
73,4987650689105,14987650689102,シムビコートタービュヘイラー30吸入 アストラゼネカ 1キット,信必可 布地奈德福莫特罗吸入剂 30吸入1支 ,アストラゼネカ/阿斯利康,哮喘 慢性阻塞性肺病,キット,1,キット,1638.2,キット,1638.2
74,4987650688108,14987650688105,シムビコートタービュヘイラー60吸入 アストラゼネカ 1キット,布地奈德福莫特罗吸入剂 60吸入1支 ,アストラゼネカ/阿斯利康,哮喘 慢性阻塞性肺病,キット,1,キット,2859.6,キット,2859.6
75,4987080225171,14987080225178,モンテルカスト錠10mg　28錠入り（2週間分）,孟鲁司特钠10mg 28锭  ,沢井製薬,儿童哮喘 过敏性鼻炎 非激素类抗炎药,箱,28,錠,29.1,錠,814.8
76,4987080225119,14987080225116,モンテルカスト錠10mg　100錠,孟鲁司特钠10mg 100锭,沢井製薬,儿童哮喘 过敏性鼻炎 非激素类抗炎药,箱,100,錠,29.1,錠,2910
77,4987123003742,14987123003749,グアンファシン塩酸塩 インチュニブ錠1mg 140錠,盐酸胍法辛1mg 140锭,武田薬品工業,注意缺陷 多动障碍 注意力不集中 多动或冲动,箱,140,錠,398.8,錠,55832
78,4987123003759,14987123003756,グアンファシン塩酸塩 インチュニブ錠3mg 140錠,盐酸胍法辛3mg 140锭 ,武田薬品工業,注意缺陷 多动障碍 注意力不集中 多动或冲动,箱,140,錠,527.2,錠,73808
79,4987650706109,14987650706106,エソメプラゾールマグネシウム水和物 ネキシウムカプセル20mg  100カプセル,埃索美拉唑缓释胶囊20mg 100粒 ,アストラゼネカ/阿斯利康,慢性胃炎 胃溃疡 胃酸返流 ,箱,100,カプセル,69.7,カプセル,6970
80,4987080283010,14987080283017,（後発品）タルチレリン錠5mg「サワイ」 28錠,"他替瑞林片 Taltirelin 5mg 28粒 	",沢井製薬,小脑萎缩/经口脊髓小脑变性症治疗剂 ,箱,28,錠,225.7,錠,6319.6
81,4987028205609,14987028205606,デエビゴ錠2.5mg エーザイ株式会社 100錠,Dayvigo莱博雷生2.5mg 100錠,Eisai株式会社,失眠福音 不眠症 睡眠障碍 助眠 无依赖性 戒断反应 ,箱,100,錠,52.1,錠,5210
82,4987028205630,14987028205637,デエビゴ錠5mg エーザイ株式会社 100錠,Dayvigo莱博雷生5mg 100錠,Eisai株式会社,失眠福音 不眠症 睡眠障碍 助眠 无依赖性 戒断反应 ,箱,100,錠,82.7,錠,8270
83,4987028205722,14987028205729,デエビゴ錠10mg エーザイ株式会社 100錠,Dayvigo莱博雷生10mg 100錠,Eisai株式会社,失眠福音 不眠症 睡眠障碍 助眠 无依赖性 戒断反应 ,箱,100,錠,123.6,錠,12360
84,4987224143774,14987224143771,ユリス錠0.5mg 富士薬品 100錠,多替诺雷 多丁那德 0.5mg 100錠,富士薬品,痛风 高尿酸血症 ,箱,100,錠,27.7,錠,2770
85,4987224143811,14987224143818,ユリス錠1mg 富士薬品 100錠,多替诺雷 多丁那德 1mg　100錠,富士薬品,痛风 高尿酸血症 ,箱,100,錠,50.5,錠,5050
86,4987224143859,14987224143856,ユリス錠2mg 富士薬品 100錠,多替诺雷 多丁那德 2mg 100錠,富士薬品,痛风 高尿酸血症 ,箱,100,錠,92.3,錠,9230
87,4987123154406,14987123154403,タケキャブ錠20mg 100錠,富马酸伏诺拉生片20mg 100錠,武田薬品工業,胃反流食道炎 逆流性食道炎 胃溃疡 十二指肠溃疡,箱,100,錠,144.8,錠,14480
88,4987123154413,14987123154410,タケキャブ錠20mg 500錠,富马酸伏诺拉生片20mg 500錠,武田薬品工業,胃反流食道炎 逆流性食道炎 胃溃疡 十二指肠溃疡,箱,500,錠,144.8,錠,72400
89,4987123154444,14987123154441,タケキャブ錠20mg 500錠ｘ1瓶,武田富马酸伏诺拉生片20mg 500錠ｘ1瓶,武田薬品工業,胃反流食道炎 逆流性食道炎 胃溃疡 十二指肠溃疡,瓶,500,錠,144.8,錠,72400
90,4987123415972,14987123415979,シンバスタチン錠5mg「武田テバ」 100錠,Simvastatin 辛伐他汀片5mg 100錠,武田薬品工業,高脂血症 高胆固醇血症,箱,100,錠,11.1,錠,1110
91,4987136100964,14987136100961,ロカルトロールカプセル0.25μg 100錠,ROCALTROL（calcitriol）罗钙全 骨化三醇0.25μg 100錠,中外製薬,佝偻病绝经后妇女 骨质酥松症,箱,100,錠,9.9,錠,990
92,4987142341115,14987142341112,ピモベンダン錠2.5mg「TE」 100錠,pimobendan 匹莫苯丹 2.5mg 100锭,トーアエイヨー/东亚医药,心力衰竭 肥厚型心脏病,箱,100,錠,65.9,錠,6590
93,4987081103157,14987081103154,オルメテックOD錠20mg 100錠,奥美沙坦酯口崩片20mg 100锭,第一三共,高血压,箱,100,錠,37.4,錠,3740
94,,14987155337041,ヒドロクロロチアジド12.5mg「トーワ」 100錠,氢氯噻嗪片12.5mg 100锭,東和薬品,高血压、消水肿,箱,100,錠,5.7,錠,570
95,4987476113310,14987476113317,トラネキサム酸錠250mg 「ＹＤ」 100錠,阳进堂美白处方药 口服传明酸片剂 250mg 100錠,陽進堂,美白、祛斑、淡化色斑、黑色素,箱,100,錠,10.1,錠,1010
96,4987476113327,14987476113324,トラネキサム酸錠250mg 「ＹＤ」 1000錠,阳进堂美白处方药 口服传明酸片剂 250mg 1000錠,陽進堂,美白、祛斑、淡化色斑、黑色素,箱,1000,錠,10.1,錠,10100
97,4987476112511,14987476112518,トラネキサム酸錠500mg 「ＹＤ」 100錠,阳进堂美白处方药 口服传明酸片剂 500mg 100錠,陽進堂,美白、祛斑、淡化色斑、黑色素,箱,100,錠,11.4,錠,1140
98,4987476112528,14987476112525,トラネキサム酸錠500mg 「ＹＤ」 1000錠,阳进堂美白处方药 口服传明酸片剂 500mg 1000錠,陽進堂,美白、祛斑、淡化色斑、黑色素,箱,1000,錠,11.4,錠,11400
99,4987087034936,14987087034933,シナール配合錠 100錠,左旋维他命c Cinal vc美白淡斑维生素片 100錠,塩野義製薬,抗氧、美白、痘印、色斑,箱,100,錠,6.2,錠,620
100,4987087034943,14987087034940,シナール配合錠 1200錠,左旋维他命c Cinal vc美白淡斑维生素片 1200錠,塩野義製薬,抗氧、美白、痘印、色斑,箱,1200,錠,6.2,錠,7440
101,4987792360443,14987792360440,タチオン錠50mg 120錠,长生堂纯谷胱甘肽片 50mg 120锭,長生堂製薬,抗氧化、增强免疫力、美白、淡斑,箱,120,錠,7.6,錠,912
102,4987792360511,14987792360518,タチオン錠100mg 120錠,长生堂纯谷胱甘肽片 100mg 120锭,長生堂製薬,抗氧化、增强免疫力、美白、淡斑,箱,120,錠,13.2,錠,1584
103,4987188493014,14987188493011,ハイチオール錠80 500錠,医美用 L-Cysteine 半胱胺酸片  500錠,久光製薬,痘痘、色斑、雀斑、美白,箱,500,錠,5.7,錠,2850
104,4987188493021,14987188493028,ハイチオール錠80 1000錠,医美用 L-Cysteine 半胱胺酸片  1000錠,久光製薬,痘痘、色斑、雀斑、美白,箱,1000,錠,5.7,錠,5700
105,4987028209409,14987028209406,ユベラ錠50mg 100錠,Juvela Tocopherol 生育酚 维生素E 50mg 100錠,Eisai株式会社,痘痘、色斑、雀斑、美白,箱,100,錠,5.7,錠,570
106,4987028209416,14987028209413,ユベラ錠50mg 210錠,Juvela Tocopherol 生育酚 维生素E 50mg 210錠,Eisai株式会社,痘痘、色斑、雀斑、美白,箱,210,錠,5.7,錠,1197
107,4987028209430,14987028209437,ユベラ錠50mg 1000錠,Juvela Tocopherol 生育酚 维生素E 50mg 1000錠,Eisai株式会社,痘痘、色斑、雀斑、美白,箱,1000,錠,5.7,錠,5700
108,4987546000021,14987546000028,メルスモン 1管×50管,Melsmon 胎盘素人胎素 美思满 50支,メルスモン,皮肤改善、睡眠改善,箱,50,本,200,本,10000
109,,,ラエンネック 50本,LAENNEC JBP 莱乃康 50支,JBP,皮肤改善、睡眠改善,箱,50,本,189,本,9450
110,,,キュラセン 50本,Curacen JBP 人胎素 50支,JBP,皮肤改善、睡眠改善,箱,50,本,,,0
111,4987108203112,14987108203119,ヨウレチン錠「100」 100錠,Jolethin 卵磷脂络合碘片 100錠,第一薬品産業,甲减甲状腺功能减退 飞蚊症 视网膜症玻璃体浑浊 儿童支气管哮喘,箱,100,錠,6.3,錠,630
112,4987114124005,14987114124002,ジスロマック錠250mg 60錠,辉瑞原研 阿奇霉素片250mg 60錠,ファイザー/輝瑞,"特效抗生素
深在性皮膚感染症、リンパ管・リンパ節炎、咽頭・喉頭炎、 扁桃炎（扁桃周囲炎、扁桃周囲膿瘍を含む）、急性気管支 炎、肺炎、肺膿瘍、慢性呼吸器病変の二次感染、尿道炎、 子宮頸管炎、骨盤内炎症性疾患、副鼻腔炎、歯周組織炎、 歯冠周囲炎、顎炎",箱,60,錠,158.9,錠,9534
113,4987155031096,14987155031093,アジスロマイシン錠250mg「トーワ」 60錠,阿奇霉素片250mg 60錠,東和薬品 ,"特效抗生素
深在性皮膚感染症、リンパ管・リンパ節炎、咽頭・喉頭炎、 扁桃炎（扁桃周囲炎、扁桃周囲膿瘍を含む）、急性気管支 炎、肺炎、肺膿瘍、慢性呼吸器病変の二次感染、尿道炎、 子宮頸管炎、骨盤内炎症性疾患、副鼻腔炎、歯周組織炎、 歯冠周囲炎、顎炎",箱,60,錠,63.3,錠,3798
114,4987173017324,14987173017321,エビプロスタット配合錠DB 100錠,DB前列腺炎特效药 100錠,日本新薬,前列腺肥大,箱,100,錠,28.1,錠,2810
115,4987058663073,14987058663070,アトモキセチンカプセル40mg「アメル」  140カプセル,共和制药 择思达 盐酸托莫西汀 40mg 140粒,共和薬品工業,ADHD治疗 注意缺陷 多动障碍,箱,140,カプセル,74.9,カプセル,10486
116,4987155849011,14987155849018,アムロジピン錠5mg「トーワ」  100錠,东和制药 紫盒降压药 苯磺酸氨氯地平片 5mg 100錠,東和薬品,高血压 心绞痛,箱,100,錠,10.1,錠,1010
117,4987060310439,14987060310436,エプレレノン錠50mg「杏林」  100錠,Eplerenone 高级降压药 依普利酮50mg 杏林制药 100錠,杏林製薬,高血压 心力衰竭,箱,100,錠,22.8,錠,2280
118,4987901006200,14987901006207,エプレレノン セララ錠50mg 100錠,INSPRA/Eplerenone 辉瑞降压药 依普利酮50mg 100錠,ファイザー/輝瑞,高血压 心力衰竭,箱,100,錠,44,錠,4400
119,4987028233220,14987028233227,ミオナール錠50mg 100錠,三,Eisai株式会社,肌肉紧张改善 颈椎病 肩周炎 腰痛,箱,100,錠,9.5,錠,950
120,4987142011605,14987142011602,フランドルテープ40mg 50枚,Frandol 硝酸异山梨酯40mg贴片 心脏疾患治疗药贴　50枚,アステラス製薬/安斯泰来,消心痛 心绞痛 心肌梗 冠心病 充血性心力衰竭 供血不足 虚心性心脏疾患,箱,50,枚,42.9,枚,2145
121,4987123127509,14987123127506,ベイスン錠0.2 ボグリボース錠 100錠,Basen 餐后血糖改善剂 伏格列波糖片 Voglibose Tablets 100錠,武田薬品工業,餐后血糖改善,箱,100,錠,16,錠,1600
122,4987058690031,14987058690038,リスミー錠1mg 100錠,Rhythmy 盐酸利马扎封片1mg 100锭,共和薬品工業,失眠症 麻醉前使用,箱,100,錠,11,錠,1100
123,4987058691038,14987058691035,リスミー錠2mg 100錠,Rhythmy 盐酸利马扎封片2mg 100锭,共和薬品工業,失眠症 麻醉前使用,箱,100,錠,18.1,錠,1810
124,4987123154581,14987123154588,トリンテリックス錠10mg 100錠,Vortioxetine 氢溴酸伏硫西汀 沃替西汀 10mg 100锭,武田薬品工業,抑郁症 多动症 精神分裂 癫痫,箱,100,錠,161.7,錠,16170
125,4987123158978,14987123158975,トリンテリックス錠20mg 100錠,Vortioxetine 氢溴酸伏硫西汀 沃替西汀 20mg 100锭,武田薬品工業,抑郁症 多动症 精神分裂 癫痫,箱,100,錠,242.5,錠,24250
126,4987116530002,14987116530009,メトグルコ錠250mg 100錠,Metformin 住友降糖药 二甲双胍250mg 100锭,住友ファーマ/住友制药,2型糖尿病降血糖 控制血糖水平,箱,100,錠,10.1,錠,1010
127,4987116530101,14987116530108,メトグルコ錠500mg 100錠,Metformin 住友降糖药 二甲双胍500mg 100锭,住友ファーマ/住友制药,2型糖尿病降血糖 控制血糖水平,箱,100,錠,10.1,錠,1010
128,4987376643917,14987376643914,10%サリチル酸ワセリン軟膏東豊 500g,Salicylic Acid Ointmenr水杨酸凡士林软膏10% 500g,東豊薬品,真菌 角质化 牛皮癣 湿疹 口腔皮炎 特应性皮炎 痤疮 腋臭 多汗症,個,500,g,4.31,g,2155
129,4987081153657,14987081153654,トランサミン錠 250mg 10錠×10シート 100錠,TRANSAMIN 第一三共氨甲环酸 美白丸 250mg 100锭,第一三共,祛斑美白 祛痘印 祛暗黄 咽喉肿痛 扁桃体炎 湿疹 荨麻疹,箱,100,錠,10.1,錠,1010
130,4987081227761,14987081227768,トランサミン錠 500mg 10錠×10シート 100錠,TRANSAMIN 第一三共氨甲环酸 美白丸 500mg 100锭,第一三共,祛斑美白 祛痘印 祛暗黄 咽喉肿痛 扁桃体炎 湿疹 荨麻疹,箱,100,錠,13.2,錠,1320
131,4987028221005,14987028221002,ザーネ軟膏0.5％ 500g,SAHNE Ointment软膏0.5% 维生素A 淡黑霜 500g,アルフレッサファーマ/Alfresa,淡化细纹增加弹性 改善皮肤角质化 皮肤干燥 黑色素沉淀,個,500,g,2.2,g,1100
132,4987123160575,14987123160572,アルジオキサ錠100mg「あすか」 100錠,Aldioxa 武田小蓝盒胃药 欧迪佳 100mg 100锭,あすか製薬/Asuka制药; 武田制药,胃炎 胃溃疡 十二指肠溃疡,箱,100,錠,5.7,錠,570
133,4987641074293,14987641074290,ドレニゾンテープ4μg/cm2 50枚,Drenison 氟氢缩松膏药贴 50枚,帝國製薬,肥厚型疤痕 湿疹 皮肤炎 干癣 脓疱症 扁平红色苔癣,箱,50,枚,59.4,枚,2970
134,4987057649283,14987057649280,ダーブロック錠1mg 100锭,Duvroq 达普司他片1mg 100錠,グラクソ・スミスクライン/GSK,肾性贫血,箱,100,錠,93.6,錠,9360
135,4987057649306,14987057649303,ダーブロック錠2mg 100锭,Duvroq 达普司他片2mg 100錠,グラクソ・スミスクライン/GSK,肾性贫血,箱,100,錠,165.1,錠,16510
136,4987057649320,14987057649327,ダーブロック錠4mg 100锭,Duvroq 达普司他片4mg 100錠,グラクソ・スミスクライン/GSK,肾性贫血,箱,100,錠,291.8,錠,29180
137,4987057649344,14987057649341,ダーブロック錠6mg 100锭,Duvroq 达普司他片6mg 100錠,グラクソ・スミスクライン/GSK,肾性贫血,箱,100,錠,397.8,錠,39780
138,4987447290019,14987447290016,レバミピド錠100mg「NS」 100锭,Rebamipide 瑞巴派特片100mg 100锭,日新製薬,改善胃溃疡 抑制炎症 修复胃黏膜,箱,100,錠,10.1,錠,1010
139,4987447291016,14987447291013,レバミピドOD錠100mg「NS」 100锭,Rebamipide 瑞巴派特 口崩片100mg 100锭,日新製薬,改善胃溃疡 抑制炎症 修复胃黏膜,箱,100,錠,10.1,錠,1010
140,4987376315814,14987376315811,イフェンプロジル酒石酸塩錠10mg「日医工」 100锭,Ifenprodil 酒石酸艾芬地尔片10mg 100锭,日医工,脑梗塞后遗症,箱,100,錠,5.7,錠,570
141,4987376316118,14987376316115,イフェンプロジル酒石酸塩錠20mg「日医工」 100锭,Ifenprodil 酒石酸艾芬地尔片20mg 100锭,日医工,脑梗塞后遗症,箱,100,錠,5.9,錠,590
142,4987792312213,14987792312210,アスピリン腸溶錠100mg「JG」 100锭,Aspirin 阿司匹林肠溶片100mg 100锭,日本ジェネリック,高血压高血脂 止痛,箱,100,錠,5.7,錠,570
143,4987246752022,14987246752029,アラミスト点鼻液27.5μg56噴霧用 1キット,Fluticasone Furoate/Allermist 氟替卡松呋喃羧酸盐鼻喷雾27.5μg 56喷 1支,グラクソ・スミスクライン/GSK,过敏性鼻炎,キット,1,キット,1086.8,キット,1086.8
144,4987246752039,14987246752036,アラミスト点鼻液27.5μg120噴霧用 1キット,Fluticasone Furoate/Allermist 氟替卡松呋喃羧酸盐鼻喷雾27.5μg 120喷 1支,グラクソ・スミスクライン/GSK,过敏性鼻炎,キット,1,キット,2209.5,キット,2209.5
145,4987138806246,14987138806243,62 ツムラ防風通聖散エキス顆粒（医療用） 2.5Ｇ×42包（105Ｇ）,62 津村制药汉方 防风通圣散冲剂  2.5gx42包,ツムラ/日本津村汉方 ,内脏脂肪燃烧 腹部减肥去脂,箱,105,g,13.8,g,1449
146,4987138806239,14987138806236,62 ツムラ防風通聖散エキス顆粒（医療用） 2.5Ｇ×189包（472.5Ｇ）,62 津村制药汉方 防风通圣散冲剂  2.5gx189包,ツムラ/日本津村汉方 ,内脏脂肪燃烧 腹部减肥去脂,箱,472.5,g,13.8,g,6520.5
147,4987155002089,14987155002086,トフィソパム錠５０ｍｇ「トーワ」 100锭,Tofisopam 托非索泮片50mg 100锭,東和薬品,治疗自律神经失调 更年期,箱,100,錠,5.9,錠,590
148,4987413650618,14987413650615,モービック錠10mg 100锭,美洛昔康10mg 100锭,日本ベーリンガーインゲルハイム/boehringer ingelheim,类风湿 类风湿性关节炎 肩周炎 腰腿疼痛 变形性关节炎,箱,100,錠,27.2,錠,2720
149,4987213101037,14987213101034,オキサロール軟膏25μg/g 10g/本　10本,Maxacalcitol 马沙骨化醇软膏25μg/g 10g.支 10支,マルホ/中外製薬,牛皮癣 鱼鳞病 掌角化病 掌跖脓疱病,箱,100,g,58.3,g,5830
150,4987123417532,14987123417539,ピオグリタゾン塩酸塩15mg 「武田テバ」 100锭,Pioglitazone hydrochloride 糖尿病治疗剂 盐酸吡格列酮 15mg 100锭,武田薬品工業,2型糖尿病降血糖 控制血糖水平,箱,100,錠,10.1,錠,1010
151,4987081105816,14987081105813,カナリア配合錠 20mg/100mg 100锭,"Teneligliptin Hydrobromide Hydrate
Canagliflozin Hydrate 替格列汀/卡格列净配合制剂 金丝雀 20mg/100mg 100锭",田辺三菱製薬,2型糖尿病降血糖 控制血糖水平,箱,100,錠,220,錠,22000
152,4987047211346,14987047211343,プルゼニド錠12mg 100锭,Sennoside 番泻甙 番泻苷 番泻叶苷 便秘处方药 100锭,サンファーム/田辺三菱製薬,改善顽固便秘,箱,100,錠,5.7,錠,570
153,4987858100044,14987858100041,アストミン錠10mg 100锭,Astomin 特效止咳药 阿斯特明片10mg 100锭,オーファンパシフィック/OrphanPacific,干咳 有痰 慢性支气管炎咳嗽 敏感性支气管炎咳嗽,箱,100,錠,6.8,錠,680
154,4987087035032,14987087035039,PL配合顆粒 1g×100包,成人综合感冒颗粒 PL配合颗粒 家庭常备用药 1g×100包,塩野義製薬,解热镇痛药  改善流鼻涕和闷热等感冒症状,箱,100,g,6.5,g,650
155,4987087035063,14987087035060,幼児用PL配合顆粒 1g×100包,儿童综合感冒颗粒 PL配合颗粒 家庭常备用药 1g×100包,塩野義製薬,解热镇痛药  改善流鼻涕和闷热等感冒症状,箱,100,g,6.5,g,650
156,4987114075000,14987114075007,ミノマイシンカプセル100mg 100カプセル,MINOMYCIN CAPSULES 米诺环素100mg 100锭,ファイザー/輝瑞,广谱抗菌,箱,100,カプセル,27.3,カプセル,2730
157,4987114074409,14987114074406,ミノマイシンカプセル50mg 100カプセル,MINOMYCIN CAPSULES 米诺环素50mg 100锭,ファイザー/輝瑞,广谱抗菌,箱,100,カプセル,13.8,カプセル,1380
158,4987028240303,14987028240300,ワーファリン1mg 100锭,Warfarin 华法林华法令阻凝剂1mg 100锭,Eisai株式会社,脑梗 心梗 静脉血栓 脑血栓,箱,100,錠,9.8,錠,980
159,4987341114015,14987341114012,リバーロキサバン錠 イグザレルト錠2.5mg 100锭,Rivaroxaban Xarelto tablets 抗凝药 利伐沙班2.5mg 100锭,バイエル薬品/拜耳,抗凝药 静脉血栓,箱,100,錠,114.4,錠,11440
160,4987341109684,14987341109681,リバーロキサバン錠 イグザレルト錠10mg 100锭,Rivaroxaban Xarelto tablets 抗凝药 利伐沙班10mg 100锭,バイエル薬品/拜耳,抗凝药 静脉血栓,箱,100,錠,342.9,錠,34290
161,4987341109639,14987341109636,リバーロキサバン錠 イグザレルト錠15mg 100锭,Rivaroxaban Xarelto tablets 抗凝药 利伐沙班15mg 100锭,バイエル薬品/拜耳,抗凝药 静脉血栓,箱,100,錠,476.4,錠,47640
162,4987128303151,14987128303158,アンプラーグ錠100mg 100锭,ANPLAG Sarpogrelate Hydrochloride 盐酸沙格雷酯100mg 100锭,田辺三菱製薬,慢性动脉闭塞的缺血症状,箱,100,錠,60.7,錠,6070
163,,,J-pla JBP 人胎素 锦碧莱,J-pla JBP 人胎素 锦碧莱,JBP,皮肤改善、睡眠改善,箱,50,本,,,0
164,4987274130205,14987274130202,ガンマロン錠250mg 100锭,Gammalon/ γ氨基丁酸250mg 处方GABA 脑代谢促进剂 100锭,アルフレッサファーマ/Alfresa,治疗偏头痛 失眠 焦虑 压力过大,箱,100,錠,5.9,錠,590
165,4987080302216,14987080302213,ユビデカレノン錠10mg「サワイ」 100锭,Ubidecarenone 癸烯醌 代谢性强心剂 泛癸利酮 水溶性处方辅酶Q10 10mg  100锭,沢井製薬,缓解‬心肌缺血 胆固醇高 身体代谢血液循环慢 预防脑血栓 脑梗塞 油腻食物引起的血液粘稠,箱,100,錠,5.9,錠,590
166,4987123147859,14987123147856,ホーリンV腟用錠1mg 100锭,Estriol 武田妇科药 雌三醇片1mg 100锭,武田薬品工業,阴道炎 子宫炎症,箱,100,錠,23.9,錠,2390
167,4987306013926,14987306013923,ルセフィ錠5mg 100锭,Lusefi 鲁格列净片5mg 100锭,大正製薬,2型糖尿病降血糖 控制血糖水平,箱,100,錠,220.8,錠,22080
168,4987120319600,14987120319607,C-PARA シーパラ注2ml ビタミンB群・C 1管×100管（100管）,高田营养美白针 维生素B/C 1管×100管（100管）,高田製薬,抗疲劳 祛痘消炎 营养美白祛斑,箱,100,管,57,管,5700
169,4987084152558,14987084152555,ヒアレイン点眼液0.1％ 5ml×10瓶,Hyalein ophthalmic solution 纯化透明质酸钠滴眼液0.1% 5ml×10支 ,参天製薬,干眼症 眼部干燥综合症 眼干疼痒异物,箱,10,瓶,245.4,瓶,2454
170,4987138810939,14987138810936,109 ツムラ小柴胡湯加桔梗石膏エキス顆粒（医療用）2.5Ｇ×189包（472.5Ｇ）,109 津村小柴胡汤加桔梗石膏提取物颗粒 2.5gx189包,ツムラ/日本津村汉方 ,缓解咽喉肿痛 上呼吸道炎症 发热风寒,箱,472.5,g,37.2,g,17577
171,4987138800145,14987138800142,1 ツムラ葛根湯エキス顆粒（医療用）2.5Ｇ×42包（105Ｇ）,1 津村葛根汤精华颗粒 2.5gx42包,ツムラ/日本津村汉方 ,头痛 发烧 恶寒 感冒 鼻伤风 发烧疾病初期 炎症性疾病,箱,105,g,13.4,g,1407
172,4987138800138,14987138800135,1 ツムラ葛根湯エキス顆粒（医療用） 2.5Ｇ×189包（472.5Ｇ）,1 津村葛根汤精华颗粒 2.5gx189包,ツムラ/日本津村汉方 ,头痛 发烧 恶寒 感冒 鼻伤风 发烧疾病初期 炎症性疾病,箱,472.5,g,13.4,g,6331.5
173,4987138809049,14987138809046,90 ツムラ清肺湯エキス顆粒（医療用） 3Ｇ×42包（126Ｇ）,90 津村清肺汤精华颗粒 3gx42包,ツムラ/日本津村汉方 ,清理肺部雾霾粉尘  吸烟人群,箱,126,g,17.1,g,2154.6
174,4987138809032,14987138809039,90 ツムラ清肺湯エキス顆粒（医療用） 3Ｇ×189包（567Ｇ）,90 津村清肺汤精华颗粒 3gx189包,ツムラ/日本津村汉方 ,清理肺部雾霾粉尘  吸烟人群,箱,567,g,17.1,g,9695.7
175,4987925119726,14987925119723,ピドキサール錠20mg 100锭,吡哆醇片 20mg 100锭,太陽ファルマ/太阳pharma,吡哆醇（维生素B6）改善湿疹 痤疮,箱,100,錠,5.9,錠,590
176,,,リセルプロ RC ローション 100ml,Recell Pro RC 化妆水 100ml,SELENE MEDICAL,人体干细胞,本,,,,,0
177,,,リセルプロ RC セラム 30ml,Recell Pro RC 精华液 30ml,SELENE MEDICAL,人体干细胞,本,,,,,0
178,4987080626015,14987080626012,アシクロビル錠200mg 「サワイ」 100锭,阿昔洛韦片剂200mg 100锭,沢井製薬,抗病毒 单纯疱疹病毒,箱,100,錠,19.3,錠,1930
179,4987080627012,14987080627019,アシクロビル錠400mg 「サワイ」 100锭,阿昔洛韦片剂400mg 100锭,沢井製薬,抗病毒 单纯疱疹病毒,箱,100,錠,34.3,錠,3430
180,4987080038115,14987080038112,トコフェロールニコチン酸エステルカプセル200mg 「サワイ」 100锭,Tocopherol Nicotinate 小粉盒高血压药 生育酚烟酸酯软胶囊200mg 100锭,沢井製薬,降压药微小循环系复活剂 高血脂 高血压 动脉硬化,箱,100,錠,7.5,錠,750
181,4987028225560,14987028225567,ユベラＮソフトカプセル200mg 100锭,Juvela N Soft Capsules 微小循环系赋活剂 生育酚菸酸酯200mg 100锭,Eisai株式会社,闭塞性的动脉硬化 降高血压 高血脂,箱,100,錠,7.4,錠,740
182,4987080181019,14987080181016,フルチカゾン点鼻液２５μｇ小児用「サワイ」５６噴霧用 4mlx5瓶,Fluticasone 丙酸氟替卡松 儿童鼻喷  4mlx5瓶,沢井製薬,小儿过敏性鼻炎 血管运动性鼻炎,箱,5,瓶,416.6,瓶,2083
183,4987136100278,14987136100275,タミフルカプセル75 10锭,Tamiflu 达菲 磷酸奥司他韦胶囊 10锭,中外製薬,抗病毒 抗流感,箱,10,錠,205.8,錠,2058
184,4987123153973,14987123153970,リピディル錠53.3mg 100锭,Fenofibrate 高血脂治疗剂 非诺贝特53.3mg 100锭,あすか製薬/Asuka制药; 武田制药,高脂血症 脑梗塞后遗症 脑瘀血后遗症引起的头痛与头晕,箱,100,錠,16.6,錠,1660
185,4987123154017,14987123154014,リピディル錠80mg 100锭,Fenofibrate 高血脂治疗剂 非诺贝特80mg 100锭,あすか製薬/Asuka制药; 武田制药,高脂血症 脑梗塞后遗症 脑瘀血后遗症引起的头痛与头晕,箱,100,錠,21.2,錠,2120
186,4987051668327,14987051668324,ベザトールSR錠100mg 100锭,Bezatol苯扎贝特SR100mg 100锭,キッセイ薬品/KISSEI,高脂血症 降血脂 脂肪肝,箱,100,錠,12.5,錠,1250
187,4987051668525,14987051668522,ベザトールSR錠200mg 100锭,Bezatol苯扎贝特SR200mg 100锭,キッセイ薬品/KISSEI,高脂血症 降血脂 脂肪肝,箱,100,錠,15.2,錠,1520
188,4987123143936,14987123143933,ロゼレム錠8mg 100锭,Rozerem 武田安眠 褪黑素 雷美替胺 雷美尔通片8mg 100锭,武田薬品,睡眠障碍,箱,100,錠,44.7,錠,4470
189,4987080018919,14987080018916,ラメルテオン錠8mg「サワイ」 100锭,Ramelteon 褪黑素 雷美替胺 雷美尔通片8mg 100锭,沢井製薬,睡眠障碍,箱,100,錠,21.9,錠,2190
190,4987080633112,14987080633119,ニコランジル錠5mg「サワイ」100锭,Nicorandil 尼可地尔5mg 100锭,沢井製薬,心绞痛 急性心不全,箱,100,錠,5.9,錠,590
191,4987142262137,14987142262134,ミオコールスプレー0.3mg 1缶,Myocor sprays 救急心绞痛舌下喷雾0.3mg 1罐,トーアエイヨー/TOA EIYO,急性心脏病,缶,1,缶,1161.6,缶,1161.6
192,4987080204022,14987080204029,ドネペジル塩酸塩OD錠3mg「サワイ」  28锭,Donepezil 盐酸多奈哌齐口崩片3mg 28锭,沢井製薬,阿兹海默 阿尔茨海默 认知障碍 老年痴呆,箱,28,錠,32.3,錠,904.4
193,4987080201076,14987080201073,ドネペジル塩酸塩錠5mg「サワイ」 140锭,Donepezil 盐酸多奈哌齐5mg 140锭,沢井製薬,阿兹海默 阿尔茨海默 认知障碍 老年痴呆,箱,140,錠,48.3,錠,6762
194,4987080202073,14987080202070,ドネペジル塩酸塩錠10mg「サワイ」 140锭,Donepezil 盐酸多奈哌齐10mg 140锭,沢井製薬,阿兹海默 阿尔茨海默 认知障碍 老年痴呆,箱,140,錠,82.1,錠,11494
195,4987376155311,14987376155318,タルチレリンOD錠5mg「日医工」28錠,Taltirelin 他替瑞林口崩片5mg 28錠,日医工,小脑萎缩 经口脊髓小脑变性症,箱,28,錠,225.7,錠,6319.6
196,4987188488027,14987188488024,ジクトルテープ75mg 7枚×10袋（70枚）,Diclofenac Sodium 双氯芬酸钠止疼贴75mg 7枚×10袋（70枚）,久光製薬,疼痛 筋骨疼痛 止痛 癌痛 筋骨痛,箱,70,枚,154.5,枚,10815
197,4987084120366,14987084120363,サンコバ点眼液0.02％ 5ml×10瓶,Sancoba氰钴胺维生素B12 0.02% 参天眼药水 抗疲劳护眼液 5ml×10支,参天製薬,抗疲劳 恢复视力,箱,10,瓶,88.8,瓶,888
198,,,フェブリク錠10mg  1錠,帝人痛风10mg  1錠,帝人ファーマ株式会社,高尿酸血症,錠,1,錠,15.5,錠,15.5
199,,,フェブリク錠20mg  1錠,帝人痛风20mg  1錠,帝人ファーマ株式会社,高尿酸血症,錠,1,錠,29.8,錠,29.8
200,,,フェブリク錠40mg  1錠,帝人痛风40mg  1錠,帝人ファーマ株式会社,高尿酸血症,錠,1,錠,53.3,錠,53.3
201,4987084314000,14987084314007,プラノプロフェン点眼液0.1％「参天」 5ml×10瓶,Pranoprofen ophthalmic solution 普拉洛芬0.1% 滴眼液 5ml×10瓶,参天製薬,細菌性结膜炎 角膜炎 沙眼,箱,50,ml,17.9,ml,895
202,4987123147613,14987123147610,カタリンＫ点眼用0.005% 15mlx10瓶,Pirenoxine 吡诺克辛0.005% 武田千寿初期老年性白内障眼药水 15mlx10瓶,千寿製薬,老人性白内障治療剤,箱,150,ml,13,ml,1950
203,4987173017874,14987173017871,シアリス錠20mg 20錠,Tadalafil 他达拉非20mg Cialis 最强伟哥 20锭,日本新薬,勃起不全 阳痿早泄,箱,20,錠,,,29250
204,4987138800749,14987138800746,7 ツムラ八味地黄丸エキス顆粒（医療用） 2.5Ｇ×42包（105Ｇ）,7 津村八味地黄丸颗粒 2.5gx42包,ツムラ/日本津村汉方 ,易疲倦 四肢怕冷 尿量减少或多尿,箱,105,g,9.8,g,1029
205,4987138800732,14987138800739,7 ツムラ八味地黄丸エキス顆粒（医療用） 2.5Ｇ×189包（472.5Ｇ）,7 津村八味地黄丸颗粒 2.5gx189包,ツムラ/日本津村汉方 ,易疲倦 四肢怕冷 尿量减少或多尿,箱,472.5,g,9.8,g,4630.5
206,4987060305541,14987060305548,バラシクロビル錠500mg 「杏林」 42錠,Valacyclovir 盐酸伐昔洛韦500mg 42錠,杏林製薬,生殖器疱疹病毒感染 病毒感染疱疹药,箱,42,錠,76.7,錠,3221.4
207,4987431310150,14987431310157,クロラムフェニコール腟錠100mg 「Ｆ」 60錠,Chloramphenicol 富士妇科腔内用药 抗生素阴道炎片100mg 60錠,富士製薬,细菌性阴道感染,箱,60,錠,71.7,錠,4302
208,4987431390077,14987431390074,フラジール腟錠250mg 60錠,Metronidazole 富士妇科腔内用药加强版 甲硝唑阴道炎片250mg 60錠,富士製薬,非特异性阴道炎 宫颈炎 宫颈糜烂,箱,60,錠,54.3,錠,3258
209,4987224016207,14987224016204,エストリール腟錠0.5mg 100锭,持田妇科腔内用药 雌三醇阴道炎片 100锭,持田製薬,非特异性阴道炎 宫颈炎 宫颈糜烂,箱,100,錠,16.8,錠,1680
210,4987188452073,14987188452070,エストラーナテープ0.72mg 70枚,Estrana 更年期贴 雌二醇贴片0.72mg 70枚,久光製薬,卵巢缺乏 改善荷尔蒙 绝经后骨质疏松症,箱,70,枚,79.3,枚,5551
211,4987080100119,14987080100116,クエン酸第一鉄Na錠50mg 「サワイ」 100锭,Sodium Ferrous Citrate 处方贫血补铁药 柠檬酸亚铁钠片50mg 100锭,沢井製薬,缺铁性贫血,箱,100,錠,6.2,錠,620
212,4987028213420,14987028213427,フェロミア錠50mg 100锭,Sodium ferrous citrate 处方贫血补铁药 枸橼酸亚铁钠50mg 100锭,Eisai株式会社,缺铁性贫血,箱,100,錠,6.4,錠,640
213,4987138802347,14987138802344,23 ツムラ当帰芍薬散エキス顆粒（医療用） 2.5Ｇ×42包（105Ｇ）,23 津村当归芍药散颗粒 2.5gx42包,ツムラ/日本津村汉方 ,贫血腰脚冰冷 月经不调,箱,105,g,14.9,g,1564.5
214,4987138802330,14987138802337,23 ツムラ当帰芍薬散エキス顆粒（医療用） 2.5Ｇ×189包（472.5Ｇ）,23 津村当归芍药散颗粒 2.5gx189包,ツムラ/日本津村汉方 ,贫血腰脚冰冷 月经不调,箱,472.5,g,14.9,g,7040.25
215,4987271016359,14987271016356,ガンマオリザノール錠50mg 「ツルハラ」 100锭,Gamma Oryzanol 更年期特效药 谷维素50mg 100锭,鶴原製薬,更年期障碍 肠易激综合症 调节肝脏脂质,箱,100,錠,5.7,錠,570
216,4987274131271,14987274131278,リバオール錠20mg 100锭,Diisopropylamine Dichloroacetate 解酒药 护肝药 二氯乙酸二异丙胺片20mg 100锭,アルフレッサファーマ/Alfresa,保肝解酒 改善脂肪堆积  阻止肝硬化和肝炎,箱,100,錠,5.9,錠,590
217,4987120394409,14987120394406,コルヒチン錠0.5mg 「タカタ」 100锭,Colchicine 急性痛风发作治疗药 秋水仙碱0.5mg 100錠,高田製薬,急性痛风发作 家族性地中海热,箱,100,錠,9.6,錠,960
218,4987123002721,14987123002728,オメガ−3脂肪酸エチル粒状カプセル2g「武田テバ」  56包,Omega-3 Fatty Acid Ethyl Granular 武田高级鱼油 EPA+DHA复方配剂2g  56包,武田薬品,降三高 护眼护脑护心,箱,56,包,82.1,包,4597.6
219,4987376371117,14987376371114,トリアゾラム錠0.25mg「日医工」 100錠 ,Triazolam 三唑仑0.25mg 100錠 ,日医工,镇静 催眠,箱,100,錠,5.9,錠,590
220,4987081109203,14987081109200,ベルソムラ錠10mg 「第一三共」 100錠,Suvorexant (Belsomra) 第一三共 苏沃雷生片10mg 100锭,第一三共,助眠 不眠症 睡眠障碍 入睡困难,箱,100,錠,69.3,錠,6930
221,4987081109210,14987081109217,ベルソムラ錠15mg 「第一三共」 100錠,Suvorexant (Belsomra) 第一三共 苏沃雷生片15mg 100锭,第一三共,助眠 不眠症 睡眠障碍 入睡困难,箱,100,錠,90.8,錠,9080
222,4987081109234,14987081109231,ベルソムラ錠20mg 「第一三共」 100錠,Suvorexant (Belsomra) 第一三共 苏沃雷生片20mg 100锭,第一三共,助眠 不眠症 睡眠障碍 入睡困难,箱,100,錠,109.9,錠,10990
223,4987185809337,14987185809334,ベルソムラ錠10mg MSD 100錠,Suvorexant (Belsomra) MSD默沙东 苏沃雷生片10mg 100锭,MSD,助眠 不眠症 睡眠障碍 入睡困难,箱,100,錠,69.3,錠,6930
224,,14987081109217,ベルソムラ錠15mg MSD 100錠,Suvorexant (Belsomra) MSD默沙东 苏沃雷生片15mg 100锭,MSD,助眠 不眠症 睡眠障碍 入睡困难,箱,100,錠,90.8,錠,9080
225,,,NMN点滴バイアル 150mg 10瓶,NMN点滴安瓶 150mg 10瓶,Cytix,抗衰老 修复细胞 提高免疫力 回复体力 改善肤质 记忆力 肝功能 睡眠 糖尿病并发症 治疗ED,箱,10,瓶,10000,瓶,100000
226,,,NMN点滴バイアル 250mg 10瓶,NMN点滴安瓶 250mg 10瓶,Cytix,抗衰老 修复细胞 提高免疫力 回复体力 改善肤质 记忆力 肝功能 睡眠 糖尿病并发症 治疗ED,箱,10,瓶,18000,瓶,180000
227,,,高濃度ビタミンC研究用試薬 VC25 1瓶,日本产25mg高浓度VC冻干粉末 VC25 Mylan同款 点滴疗法研究会会长柳泽厚生监修 1瓶,点滴療法研究会,亮肤美白 祛除色素暗沉 促进代谢循环 收缩毛孔 帮助细胞抗氧化,瓶,,,,,0
228,,,エーオービーステムセル幹細胞培養上清液 10瓶,AOB Stem Cell干细胞上清液冻干粉末 日本自治医科大学大学现役教授  吉村浩太郎研发 10瓶,AOB MEDICAL,抗衰老 促进细胞再生 维持肌体年轻 皮肤暗沉 毛孔粗大,箱,,,,,0
229,4987020004668,14987020004665,クリンダマイシンリン酸エステルゲル1% 10g×10本,Clindamycin Phosphate Gel 1% 特效祛痘膏 克林霉素磷酸酯1%祛痘软膏 10gx10支,岩城製薬,痘痘 粉刺 闭口 青春痘 脓包痤疮 红肿痘痘,箱,100,g,12.9,g,1290
230,4987028240334,14987028240331,ワーファリン錠1mg 1000錠,Warfarin 华法林华法令阻凝剂1mg 1000锭,Eisai株式会社,脑梗 心梗 静脉血栓 脑血栓,箱,1000,錠,9.8,錠,9800
231,4987080037712,14987080037719,ケトチフェンカプセル1mg 100カプセル,Ketotifen Fumarate 富马酸酮替芬胶囊1mg 过敏性疾患治疗剂 100锭,沢井製薬,抗过敏剂 过敏性鼻炎,箱,100,カプセル,5.9,カプセル,590
232,4987080102816,14987080102813,ベクロメタゾン点鼻液50μg 10瓶,Beclometasone Dipropionate 丙酸倍氯米松酯 50μg 10瓶,沢井製薬,成人鼻炎喷雾 鼻塞鼻痒 流鼻涕,箱,10,瓶,357.4,瓶,3574
233,4987081127016,14987081127013,グレースビット錠50mg 100錠,Sitafloxacin 西他沙星50mg 100錠,第一三共,消炎抗生素,箱,100,錠,98.3,錠,9830
234,4987120263002,14987120263009,ゲンタシン軟膏0.1％ 10Ｇ×10本,Gentacin 硫酸庆大霉素0.1% 10Ｇ×10本,高田製薬,消炎抗生素 细菌性皮肤感染 毛囊炎 擦伤感染 湿疹 皮炎,箱,100,g,11,g,1100
235,4987123136273,14987123136270,アクトス錠15 100錠,Pioglitazone hydrochloride 武田新糖 糖尿病治疗剂 盐酸吡格 列酮 15mg 100锭,武田薬品工業,2型糖尿病降血糖 控制血糖水平,箱,100,錠,26.4,錠,2640
236,4987138804341,14987138804348,43 ツムラ六君子湯エキス顆粒 2.5g×42包（医療用） 2.5Ｇ×42包（105Ｇ）,43 津村六君子汤颗粒 2.5gx42包,ツムラ/日本津村汉方 ,肠胃虚弱 易疲倦 贫血性四肢冰冷 胃炎 胃下垂 消化不良 胃痛 呕吐,箱,105,g,18,g,1890
237,4987138804334,14987138804331,43 ツムラ六君子湯エキス顆粒 2.5g×42包（医療用） 2.5Ｇ×189包（472.5Ｇ）,43 津村六君子汤颗粒 2.5gx189包,ツムラ/日本津村汉方 ,肠胃虚弱 易疲倦 贫血性四肢冰冷 胃炎 胃下垂 消化不良 胃痛 呕吐,箱,472.5,g,18,g,8505
238,4987274140891,14987274140898,メレックス錠0.5mg 100錠,MELEX Mexazolam 美沙唑仑片0.5mg 100锭,アルフレッサファーマ/Alfresa,不眠症 睡眠障碍助 神经焦虑,箱,100,錠,5.9,錠,590
239,4987431360162,14987431360169,クロトリマゾール腟錠100mg「F」 100錠,Clotrimazole 富士妇科腔内用药 氯霉素阴道炎片100mg 100錠,富士製薬,非特异性阴道炎 念珠菌阴道炎 霉菌性阴道炎,箱,60,錠,26.6,錠,1596
240,4987709200213,14987709200210,ストミンA配合錠 100錠,Nicotinamide&Papaverine Hydrochloride 烟酸酰胺·盐酸罂粟碱A复合片 100錠,NISSHA製薬,耳鸣缓和剂,箱,100,錠,5.7,錠,570
241,4987792102494,14987792102491,カルプロニウム塩化物外用液5% 30ml×12本,处方生发剂 外用液5% 30mlx12支,日本ジェネリック,防脱发 生发水 止脱生发剂,箱,360,ml,9.6,ml,3456
242,4903301233633,,キッズバファリン鼻炎シロップS 120ml,狮王儿童Bufferin鼻炎糖浆 草莓味 婴幼儿鼻炎药 120ml,"	LION",鼻腔发扬 水样鼻涕 喷嚏 鼻塞,箱,120,ml,,,0
243,4903361440965,,こども肝油＆乳酸菌ドロップグミ 100錠,儿童鱼肝油乳酸菌复合维生素软糖 葡萄味 100錠,Unimat Riken,增强免疫力 抵抗力,箱,100,錠,,,0
244,4903361440934,,こども肝油ドロップグミいちご味 90錠,儿童鱼肝油草莓味 90錠,Unimat Riken,增强免疫力 抵抗力,箱,90,錠,,,0
245,4511413404133,,60日ビタミンＣ (ハードカプセル) 120錠,DHC 维生素C胶囊 复合维生素B2 120錠,DHC,美容美白 增强免疫,箱,120,錠,,,0
246,4987061021921,,救心カプセルF 30カプセル,救心胶囊F 30錠,救心製薬,改善心悸 维护心脏 缓和心跳,箱,30,錠,,,0
247,4987306047723,,パブロンキッズかぜ錠 40錠,Pabron Kids 大正儿童感冒药片剂 40錠,大正製薬,咳嗽 流鼻涕 发烧 嗓子疼 打喷嚏 有痰 鼻塞 发冷 头痛 关节痛 肌肉酸痛,箱,30,錠,,,0
248,4987306047761,,パブロンキッズかぜシロップ 120ml,Pabron Kids 大正儿童感冒药 感冒糖浆 120ml,大正製薬,咳嗽 流鼻涕 发烧 嗓子疼 打喷嚏 有痰 鼻塞 发冷 头痛 关节痛 肌肉酸痛,箱,120,ml,,,0
249,4987306047730,,パブロンキッズかぜ微粒 12包,Pabron Kids 大正儿童感冒药颗粒 咳嗽冲剂 12包,大正製薬,咳嗽 流鼻涕 发烧 嗓子疼 打喷嚏 有痰 鼻塞 发冷 头痛 关节痛 肌肉酸痛,箱,12,包,,,0
250,4987123141437,14987123141434,エカード配合錠HD 100锭,Ecard 坎地沙坦酯/氢氯噻嗪HD复合片 100锭,武田テバ薬品,高血压,箱,100,錠,50.7,錠,5070
251,4987123144124,14987123144121,エカード配合錠LD 100锭,Ecard坎地沙坦酯/氢氯噻嗪LD复合片 100锭,武田テバ薬品,高血压,箱,100,錠,30.1,錠,3010
252,4987770513205,14987770513202,リバロ錠 2mg 100锭,匹伐他汀钙片 力清之 2mg 100锭,興和新薬,降血脂 降胆固醇,箱,100,錠,42.4,錠,4240
253,,,養庵堂 NMN9000 60錠,"養庵堂NMN 9000 Standard
（标准版/应酬多/有效预防心血管疾病）60錠",阿部養庵堂,抗衰老 修复细胞 提高免疫力 回复体力 改善肤质 记忆力 肝功能 睡眠 糖尿病并发症 治疗ED,瓶,60,錠,,,5400
254,,,養庵堂 NMN18000 スタンダード 120錠,"養庵堂NMN 18000 Standard
（标准版/应酬多/有效预防心血管疾病）120錠",阿部養庵堂,抗衰老 修复细胞 提高免疫力 回复体力 改善肤质 记忆力 肝功能 睡眠 糖尿病并发症 治疗ED,瓶,120,錠,,,10800
255,,,養庵堂 NMN18000 Beauty 120錠,養庵堂NMN 18000 Beauty（美容/金丝燕窝） 120錠,阿部養庵堂,抗衰老 修复细胞 提高免疫力 回复体力 改善肤质 记忆力 肝功能 睡眠 糖尿病并发症 治疗ED,瓶,120,錠,,,11700
256,,,養庵堂 NMN18000 Pre mother 120錠,養庵堂NMN 18000 Pre-mothe（备孕怀孕哺乳期/贫血/补充矿物质）120錠,阿部養庵堂,抗衰老 修复细胞 提高免疫力 回复体力 改善肤质 记忆力 肝功能 睡眠 糖尿病并发症 治疗ED,瓶,120,錠,,,11700
257,,,養庵堂 NMN30000 スティック 30本,養庵堂NMN 30000 （铝条盒装）（高NMN含量/缓解大脑疲劳/提高免疫力&新陈代谢/有效预防各种中年病）30本,阿部養庵堂,抗衰老 修复细胞 提高免疫力 回复体力 改善肤质 记忆力 肝功能 睡眠 糖尿病并发症 治疗ED,箱,30,本,,,17910
258,,,養庵堂 NMN90000 スティック 30本,養庵堂NMN 90000 （铝条盒装）（世界最高NMN含量/缓解大脑疲劳/提高免疫力&新陈代谢/有效预防各种中年病）30本,阿部養庵堂,抗衰老 修复细胞 提高免疫力 回复体力 改善肤质 记忆力 肝功能 睡眠 糖尿病并发症 治疗ED,箱,30,本,,,53100
259,,,養庵堂 NMN90000 チューブ 30本,養庵堂NMN 90000 （试管礼盒装）（世界最高NMN含量/缓解大脑疲劳/提高免疫力&新陈代谢/有效预防各种中年病）30本,阿部養庵堂,抗衰老 修复细胞 提高免疫力 回复体力 改善肤质 记忆力 肝功能 睡眠 糖尿病并发症 治疗ED,箱,30,本,,,53100
260,4987087029000,14987087029007,リンデロン‐VG ローション 10ＭＬ×10瓶（100ＭＬ）,Betamethasone Valerate 戊酸倍他米松/硫酸庆大霉素复合液 VG头皮湿疹药水 10ＭＬ×10瓶（100ＭＬ）,塩野義製薬,头皮湿疹 头皮屑 脂溢性皮炎,箱,100,ml,27.7,ml,2770
261,4987035018612,14987035018619,アクアチムローション１％ 20ＭＬ×10瓶（200ＭＬ）,Acuatim 那氟沙星乳液1% 消炎抗菌乳液 20ＭＬ×10瓶（200ＭＬ）,大塚製薬,皮肤感染,箱,200,ml,22.1,ml,4420
262,4987024209113,,宇津救命丸 宇津こども整腸薬TP 60g,宇津救命丸 宇津乳酸菌 益生菌 儿童整肠药 60g,宇津救命丸,益生菌 便秘 软便 肠道紊乱 整肠 调节肠内环境 促进消化,箱,60,g,,,
263,4903361440965,,こども肝油ドロップグミバナナ味 100錠,儿童鱼肝油复合维生素软糖 香蕉味 100錠,Unimat Riken,增强免疫力 抵抗力,箱,100,錠,,,
264,4903361440927,,こどもDHAドロップグミみかん味 90錠,儿童DHA鱼肝油软糖 橙子味 90錠,Unimat Riken,儿童大脑益智 DHA EPA,箱,90,錠,,,
265,,"	14987901008300",ノルバスク錠5mg　100錠,（原研）Viatris Norvasc 苯磺酸氨氯地平片 5mg 100錠,ヴィアトリス製薬/Viatris,高血压 心绞痛,箱,100,錠,15.2,錠,1520
266,,14987080143274,エンテカビルOD錠0.5mg「サワイ」70錠,恩替卡韦片OD锭 0.5mg 70锭,沢井製薬,乙型肝炎,箱,70,錠,76.8,錠,5376
267,4987072070598,,命の母Ａ　252錠,小林命之母A　252錠,小林製薬,更年期症状改善,箱,252,錠,,,0
268,,14987128107282,マイザー軟膏0.05% 5g×10本,Myser Difluprednate 二氟泼尼酯0.5% 成人特效湿疹膏 5gx10支,田辺三菱製薬,成人湿疹膏皮肤炎牛皮癣丘疱疹瘙痒红斑,箱,50,g,12,g,600
269,4987080267416,14987080267413,オセルタミビルカプセル75mg「サワイ」 100錠,OSELTAMIVIR Capsules 奥司他韦胶囊75mg 100錠,沢井製薬,治疗甲流乙流病毒感染 抗流感病毒,箱,100,錠,111.6,錠,11160
270,4987067205202,,キャベジンコーワα 300錠,兴和制药　Cabagin KOWA α肠胃片 300錠,興和新薬,修复受损胃黏膜 帮助消化脂肪 中和过多胃酸,箱,300,錠,,,0
271,4987213052810,14987213052817,ヒルドイドソフト軟膏0.3% 25Ｇ×10本（250Ｇ）,Hirudoid 类肝素软膏0.3% 25Ｇ×10本（250Ｇ）,マルホ/中外製薬,创伤后肿胀 冻疮 瘢痕疙瘩,箱,250,g,18.5,g,4625
272,4987047105119,14987047105116,ルリコン液１％ 10ＭＬ×10瓶（100ＭＬ）,Lulicon Solution 鲁立康唑外用溶液1% 脚气水 10ＭＬ×10瓶（100ＭＬ）,サンファーマ/Sun Pharma,抑制真菌生长 治疗足癣 体癣 股癣 花斑癣（汗斑）缓解感染症状,箱,100,ml,30.3,ml,3030
273,4987080036319,14987080036316,テルビナフィン錠125mg「サワイ」 100錠,Terbinafine Hydrochloride 盐酸特比萘芬口服片（白武士） 125mg 100锭,沢井製薬,强效 迅速 根治顽疾 口服 抗真菌药 体癣、股癣、足癣、甲癣,箱,100,錠,33.6,錠,3360
274,4987431310082,14987431310089,テルビナフィン塩酸塩クリーム１％「Ｆ」 10Ｇ×10本（100Ｇ）,Terbinafine Hydrochloride 盐酸特比萘芬软膏1%（白武士） 10Ｇ×10本（100Ｇ）,富士製薬,强效 迅速 根治顽疾 口服 抗真菌药 体癣、股癣、足癣、甲癣,箱,100,g,13.9,g,1390
275,4987804800110,14987804800117,大興製薬 シルデナフィル錠50mgVI「DK」 20锭,Sildenafil 大興製薬 西地那非/昔多芬/西妥替芬50mg 滋补型伟哥 20粒装,大興製薬,勃起不全 阳痿早泄,箱,20,錠,,錠,5300
276,4987274116476,14987274116473,グルコリン配合静注 50管,Gluculin Injection 甘草酸甘氨酸半胱氨酸复合注射液20ml,アルフレッサファーマ/Alfresa,保肝护肝 抗炎 免疫调节,箱,50,管,57,管,2850
277,4987067205004,,キャベジンコーワα 200錠,兴和制药　Cabagin KOWA α肠胃片 200錠,興和新薬,修复受损胃黏膜 帮助消化脂肪 中和过多胃酸,箱,200,錠,,,0
278,4987067204700,,キャベジンコーワα 100錠,兴和制药　Cabagin KOWA α肠胃片 100錠,興和新薬,修复受损胃黏膜 帮助消化脂肪 中和过多胃酸,箱,100,錠,,,0
279,4987024628488,,宇津こども整腸薬TP 45g,宇津救命丸 宇津乳酸菌 益生菌 儿童整肠药 45g（新版）,宇津救命丸,益生菌 便秘 软便 肠道紊乱 整肠 调节肠内环境 促进消化,箱,45,g,,,0
280,4987028116158,,チョコラbb口内炎リペアショット 30ml,Chocola BB口内炎喷雾 30ml,Eisai株式会社,口内炎 嗓子喉咙疼痛 口腔黏膜修复,箱,30,ml,,,0
281,,,高濃度ビタミンCセット（Mylan高濃度ビタミンC　1瓶＋硫酸Ｍｇ補正液１ｍＥｑ／ｍＬ　1管＋ビタメジン静注用　1瓶）,高浓度维生素C套装（Mylan高浓度维生素C 1瓶 + 硫酸镁补正液 1mEq/mL 1管 + 复合维生素B注射液 1瓶）,,,,,,,,0
282,4987306013478,,ルネスタ錠１ｍｇ　1錠,Lunesta Eszopiclone 乐奈施1mg　1錠,Eisai株式会社,不眠症治療 睡眠辅助,錠,1,錠,32.6,錠,32.6
283,4987080036319,14987080036316,テルビナフィン錠125mg「サワイ」 1錠,Terbinafine Hydrochloride 盐酸特比萘芬口服片（白武士） 125mg 1锭,沢井製薬,强效 迅速 根治顽疾 口服 抗真菌药 体癣、股癣、足癣、甲癣,錠,1,錠,33.6,錠,33.6
284,,"	14987650645207",クレストール錠5mg 500錠,瑞舒伐他汀5mg 500錠,アストラゼネカ/阿斯利康,降脂 降低低密度脂蛋白（LDL）胆固醇 预防心血管疾病 预防心脏病 预防中风,箱,500,錠,36.3,錠,18150
285,,,オンライン診療,线上问诊咨询,AOB MEDICAL,,回,,,,,0
286,4987080000914,14987080000911,アマンタジン塩酸塩錠50mg「サワイ」 100錠,Amantadine Hydrochloride 盐酸金刚烷胺片50mg 100錠,沢井製薬,治疗帕金森 病毒性感染 改善中枢性疲劳  改善多发性硬化症引起的疲劳,箱,100,錠,5.9,錠,590
287,4987123001373,14987123001370,ヒアルロン酸Ｎａ点眼液０．１％「センジュ」 5ml×10瓶,Hyaluronate Na透明质酸钠滴眼液0.1％「千寿」：5ml×10支,千寿製薬,增加泪液储存量 促进角膜上皮障碍愈合 干眼症 外伤后修复,箱,50,ml,157.5,ml,7875
288,4987650650105,14987650650102,クレストール錠2.5mg 100錠,瑞舒伐他汀2.5mg 100錠,アストラゼネカ/阿斯利康,降脂 降低低密度脂蛋白（LDL）胆固醇 预防心血管疾病 预防心脏病 预防中风,箱,100,錠,21.3,錠,2130
289,4987080034711,14987080034718,センノシド錠12mg「サワイ」 100錠,番泻苷片 12mg 100錠,沢井製薬,缓解便秘 刺激肠道蠕动 通便 短期便秘治疗 肠道清理 ,箱,100,錠,5.1,錠,510
290,4987123155205,14987123155202,チラーヂンS錠100μg 100錠,Levothyroxine Sodium Hydrate hyradin-S左甲状腺素钠片100μg 100錠,武田薬品,粘液水肿 克雷汀病 甲状腺机能低下 甲状腺肿,箱,100,錠,11.6,錠,1160
291,4987376556217,14987376556214,ラシックス錠40mg 100錠,Furosemide 呋塞米速尿片 40mg 100錠,日医工,强效利尿剂 治疗水肿 降血压 急性肺水肿治疗 预防低钾血症,箱,100,錠,11.6,錠,1160
292,4987190117854,14987190117851,ヘパリン類似物質ローション0.3%「ニプロ」 50G×10本（500G）,肝素类物质乳液 0.3% 50G×10瓶（500G）,ニプロ/NIPRO,保湿修复 改善皮肤干燥 缓解瘙痒 促进血液循环 预防瘢痕增生,箱,500,g,5.1,g,2550
293,4987271064954,14987271064951,ペントキシベリンクエン酸塩錠15mg「ツルハラ」 100錠,Pentoxyverine Citrate 枸橼酸喷托维林片15mg 100锭,鶴原製薬,非成瘾性中枢镇咳药 特效止咳 上呼吸道感染 肺结核咳嗽 哮喘,箱,100,錠,8.3,錠,830
294,,,62 ツムラ防風通聖散エキス顆粒（医療用） 2.5Ｇ×1包,62 津村制药汉方 防风通圣散冲剂  2.5gx1包,ツムラ/日本津村汉方 ,内脏脂肪燃烧 腹部减肥去脂,包,2.5,g,13.8,g,34.5
295,4987650645101,14987650645108,クレストール錠5mg 100錠,瑞舒伐他汀5mg 100錠,アストラゼネカ/阿斯利康,降脂 降低低密度脂蛋白（LDL）胆固醇 预防心血管疾病 预防心脏病 预防中风,箱,100,錠,36.3,錠,3630
296,4987087043143,14987087043140,クービビック錠25mg 100錠,Quviviq/Daridorexant 达利雷生/达利多雷生25mg 100錠,塩野義製薬,不眠症助眠安眠 失眠,箱,100,錠,57.3,錠,5730
297,4987087043167,14987087043164,クービビック錠50mg 100錠,Quviviq/Daridorexant 达利雷生/达利多雷生50mg 100錠,塩野義製薬,不眠症助眠安眠 失眠,箱,100,錠,90.8,錠,9080
298,4987128236398,14987128236395,ノックビン原末 25Ｇ×1瓶,Disulfiram 双硫仑/戒酒硫粉末 25Ｇ×1瓶,田辺三菱製薬,缓解慢性酒精中毒 抗酒治疗 戒酒药,瓶,25,g,140.7,g,3517.5
299,4987173018345,14987173018342,レグテクト錠333mg 100錠,Regtect/Acamprosate Calcium 阿坎酸钙肠溶片333mg 100锭,日本新薬,缓解慢性酒精中毒 抗酒治疗 戒酒药,箱,100,錠,37.7,錠,3770
300,4987901003704,14987901003701,セルトラリン塩酸塩錠 ジェイゾロフト錠25mg 100錠,Sertraline Zoloft左洛复 盐酸舍曲林25mg 100錠,ファイザー/輝瑞,成人重度抑郁症 儿童或成人强迫症 恐慌症和社交恐惧症,箱,100,錠,44.2,錠,4420
301,4987901003803,14987901003800,セルトラリン塩酸塩錠 ジェイゾロフト錠25mg 500錠,Sertraline Zoloft左洛复 盐酸舍曲林25mg 500錠,ファイザー/輝瑞,成人重度抑郁症 儿童或成人强迫症 恐慌症和社交恐惧症,箱,500,錠,44.2,錠,22100
302,4987901004107,14987901004104,セルトラリン塩酸塩錠 ジェイゾロフト錠50mg 100錠,Sertraline Zoloft左洛复 盐酸舍曲林50mg 100錠,ファイザー/輝瑞,成人重度抑郁症 儿童或成人强迫症 恐慌症和社交恐惧症,箱,100,錠,73.4,錠,7340
303,4987080369073,14987080369070,アトモキセチンカプセル10mg「サワイ」  140カプセル,沢井製薬 择思达 盐酸托莫西汀 10mg 140粒,沢井製薬,ADHD治疗 注意缺陷 多动障碍,箱,140,錠,50.3,錠,7042
304,4987080371076,14987080371073,アトモキセチンカプセル25mg「サワイ」  140カプセル,沢井製薬 择思达 盐酸托莫西汀 25mg 140粒,沢井製薬,ADHD治疗 注意缺陷 多动障碍,箱,140,錠,62.3,錠,8722
305,4987080372073,04987080908036,アトモキセチンカプセル40mg「サワイ」  140カプセル,沢井製薬 择思达 盐酸托莫西汀 40mg 140粒,沢井製薬,ADHD治疗 注意缺陷 多动障碍,箱,140,錠,64.7,錠,9058
306,4987123001397,14987123001394,ヒアルロン酸Ｎａ点眼液０．３％「センジュ」 5ml×10瓶,Hyaluronate Na透明质酸钠滴眼液0.3％「千寿」：5ml×10支,千寿製薬,增加泪液储存量 促进角膜上皮障碍愈合 干眼症 外伤后修复,箱,10,瓶,197.3,瓶,1973
307,4987124159219,14987124159216,エスゾピクロン錠3mg「TCK」 100錠,Eszopiclone 艾司佐匹克隆/右佐匹克隆3mg 100锭,辰巳化学,不眠症助眠安眠 失眠,箱,100,錠,14.6,錠,1460
308,4987028205661,14987028205668,デエビゴ錠5mg エーザイ株式会社 500錠,Dayvigo莱博雷生5mg 500錠,Eisai株式会社,不眠症助眠安眠 失眠,箱,500,錠,,錠,0
309,4987306066700,14987306066707,ビオフェルミン配合散 1Ｇ×600包（600Ｇ）,BIOFERMIN 益生菌 双歧杆菌配合散 1Ｇ×600包（600Ｇ）,大正製薬 ,改善肠道菌群异常,箱,600,g,6.5,g,3900
310,4987274057083,14987274057080,ＥＰＬカプセル２５０ｍｇ 400錠,EPL Capsules 250mg 400粒,アルフレッサファーマ/Alfresa,脂肪肝高血脂改善肝机能酒精肝 ,箱,400,錠,6.2,錠,2480
311,,14987155361015,アトルバスタチン錠10mg「トーワ」 100锭,阿托伐他汀钙10mg 100锭,東和薬品,高血脂 降血脂 降低血液胆固醇 预防中风 预防心血管疾病,箱,100,錠,13.9,錠,1390
312,4987294235317,14987294235314,ラキソベロン内用液０．７５％ 10ＭＬ×10瓶（100ＭＬ）,Laxoberon内用液０．７５％ 10ＭＬ×10瓶（100ＭＬ）,帝人ファーマ,"各種便秘症,術後排便補助",箱,10,瓶,14.5,ml,1450
313,4987081187003,14987081187000,ロスバスタチン錠5mg「DSEP」100錠,Rosuvastatin錠5mg「DSEP」100錠,,,箱,100,錠,,,
314,4987306067479,14987306067476,ビオフェルミン散剤(大正製薬)　1g×120包,BIOFERMIN 散剤 1g×120包,大正製薬,,箱,120,包,,,
315,4987901122504,14987901122501,アトルバスタチン錠10mg「VTRS」100錠,ATORVASTATIN 10mg「VTRS」100錠,ヴィアトリス製薬,,箱,100,錠,,,
316,4987116530316,14987116530313,メトホルミン塩酸塩錠250mgMT「DSPB」100錠,Metformin 塩酸塩錠250mgMT「DSPB」100錠,,,箱,100,錠,,,
317,4987306067493,14987306067490,ビオフェルミン散剤1g×600包,BIOFERMIN 散剤1g×600包,大正製薬,,箱,600,包,,,
318,4987028225508,14987028225505,ユベラNカプセル100mg　100カプセル,Juvela N Soft Capsules 100mg 100粒,エーザイ,,箱,100,カプセル,,,
319,4987428954022,14987428954029,サインバルタカプセル２０ｍｇ 10カプセル×10シート,欣百达胶囊20毫克 100粒,,,箱,100,カプセル,,,
320,4987057432342,14987057432349,アレロック錠5 5mg 100錠,Allelock盐酸奥洛他定片5×100片,協和キリン,过敏性鼻炎 荨麻疹 皮肤瘙痒,箱,100,錠,20.7,錠,2070
321,4987013025526,14987013025523,アスコルビン酸注５００ｍｇ「イセイ」 1管×50管（50管）,日本维他命C注射500mg×50管,コ-アイセイ株式会社,美白淡斑,箱,50,本,100,本,5000
322,4903301276326,,スクラートG（Sucralfate Gel）12包入,狮王LION Sucrate-G肠胃药12包,ライオン（株）,胃痛 胃酸,箱,,,,,
323,4987904100837,,リンデロンVs軟膏 5g,Rinderon-Vs酸倍他米松/硫酸庆大霉素复合乳膏,塩野義製薬 株式会社,湿疹 皮肤瘙痒 皮炎,箱,,,,,
324,4987171687215,"	14987171687212",カルバン錠50　100錠,Calvan盐酸贝凡洛尔片50mg：100片,日本ケミファ 株式会社,高血压,箱,100,錠,30.8,錠,3080
325,4987039450630,14987039450637,オパルモン錠5μg　100錠,Opalmon利马前列素片5μg：100片,小野薬品工業,与阻塞性血栓血管炎相关的溃疡，疼痛和冷感等的缺血症状的改善，后天性腰椎管狭窄伴随的主管症状(下肢疼痛、下肢麻木),箱,100,錠,19.3,錠,1930
326,4987376244404,"	14987376244401",プリンペラン錠5 100錠,Primperan甲氧氯普胺（胃复安）片5：100粒,日医工 株式会社,消化机能异常（恶心　呕吐　食欲不振　腹胀）,箱,100,錠,6.7,錠,670
327,,14987124053712,フルニトラゼパム錠２㎎「TCK」100錠,Flunitrazepam氟硝西泮片2毫克「TCK」100片,"	辰巳化学",,箱,100,錠,6.1,錠,610
328,4987123157001,14987123157008,リルゾール錠50mg「AA」,利鲁唑50mg（力如太）56锭,ダイト,渐冻症 肌萎缩侧索硬化症,箱,56,錠,383.5,錠,21476
329,4987919100785,14987919100782,セフゾンカプセル１００ｍｇ ×100カプセル,Cefzon头孢地尼胶囊100mg：100粒,LTLファーマ,消炎,箱,100,カプセル,59.7,カプセル,5970
330,4987770515506,14987770515503,パルモディア錠0.1mg×100錠,Parmodia培马贝特片0.1mg：100片,興和 株式会社,高血脂,箱,100,錠,32.4,錠,3240
331,,,"	貴臓心",贵脏心,美吉野製薬（株）,心悸 呼吸困难,箱,100,錠,60,錠,6000
332,4987039421296,14987039421293,オパルモン錠5μg　210錠,Opalmon利马前列素片5μg：210片,小野薬品工業,与阻塞性血栓血管炎相关的溃疡，疼痛和冷感等的缺血症状的改善，后天性腰椎管狭窄伴随的主管症状(下肢疼痛、下肢麻木),箱,210,錠,19.3,錠,4053
333,4987051356125,14987051356122,タブネオスカプセル10mg×60カプセル,Tavneos阿伐可泮胶囊10mg×60粒,"キッセイ薬品工業	",抗中性粒细胞胞浆抗体（ANCA）相关性血管炎,箱,60,カプセル,1403.9,カプセル,84234
334,,,ビタミンC注射液500mg×50本,维他命C注射500mg×50管,,,箱,,箱,,本,
335,4987173018581,14987173018588,トラマールＯＤ錠５０ｍｇ 10錠×10シート（100錠）,曲马多缓释片50mg 100片,日本新薬株式会社,癌变引起的慢性疼痛,箱,100,錠,29.4,錠,2940
336,4987376075916,14987376075913,メトホルミン塩酸塩錠500mgMT｢日医工｣(100錠),Metformin 500mg 100粒,,,,100,錠,,錠,
337,4987117910018,14987117910015,ロンサーフ配合錠Ｔ１５(２０錠),Lonsurf  T15 20粒,大鵬薬品工業,,箱,20,錠,2511,錠,50220
338,4987117910513,14987117910510,ロンサーフ配合錠Ｔ２０(２０錠),Lonsurf  T20 20粒,大鵬薬品工業,,箱,20,錠,3369,錠,67380
339,4987035209614,14987035209611,レバミピド錠100mg「オーツカ」　100錠,Rebamipide瑞巴派特片100mg 100粒,大塚製薬工場,改善胃溃疡 抑制炎症 修复胃黏膜,箱,100,錠,10.4,錠,1040
340,4987792102494,14987792102491,カルプロニウム塩化物外用液5%「CH」 30mL×12本,5%氯普鲁铵外用液「CH」 30mL×12本,長生堂製薬,预防脱发，促进生发治疗,箱,12,本,8.6,ml,103.2
341,4987057616605,14987057616602,オルケディア錠1mg(100錠),依伏卡塞  伊万卡塞,協和キリン,維持透析下の二次性副甲状腺機能亢進症,箱,100,錠,271.9,錠,27190
342,4987057550077,14987057550074,フォスブロック錠250mg(100錠),福斯络片 250mg,協和キリン,用于治疗慢性肾功能不全患者的高磷血症。,箱,100,錠,12.5,錠,1250
343,4987080265016,14987080265013,オロパタジン塩酸塩錠５ｍｇ「サワイ」(100錠),Olopatadine盐酸奥洛他定片5mg,沢井製薬,各种过敏症状（过敏性鼻炎，荨麻疹等）,箱,100,錠,10.4,錠,1040
344,4987213021304,14987213021301,強力ポステリザン（軟膏） 2Ｇ×50本（100Ｇ）,氢化可的松 2g×50支,マルホ,,箱,50,本,20.4,g,2040
345,4987061015746,,救心 ６０粒 救心製薬 【第2類医薬品】,救心丸  60粒,救心製薬,,箱,60,粒,,,
346,4987061015739,,救心 3０粒 救心製薬 【第2類医薬品】,救心丸  30粒,救心製薬,,箱,30,粒,,,
347,,,研究用試薬【VC25】,研究试用药【VC25】,,,袋,,,,,
348,4987616005062,14987616005069,"オゼンピック 2mg/1.5ml 2キット
",Semaglutide 司美格鲁肽 2mg/1.5ml 2支,ノボノルディスクファーマ,,キット,2,本,11151,キット,22302
